gene,guide_idx,spacer,length,mfe_kcal_mol,structure,palindromes,classification
blaCTX-M-8_cas12a,0,CCATGTGCAGCACCAGTAAG,20,0.0,....................,1,linear_ok
blaCTX-M-8_cas12a,1,AGCCACGTTACCAGTTGCGC,20,-2.1,.((.((.......)).))..,0,linear_ok
blaCTX-M-8_cas12a,2,ACCTAAGGCACTGCCCAACG,20,-2.3,......(((...))).....,1,linear_ok
blaCTX-M-8_cas12a,3,ATCTCAACCTTCTGACTCAA,20,0.0,....................,0,linear_ok
blaCTX-M-8_cas12a,4,ACTTTGCTTGAGCACAGCCG,20,-2.2,.((.(((....))).))...,1,linear_ok
blaOXA-181_cas12a,0,CTGAACATAAATCACAGGGC,20,0.0,....................,0,linear_ok
blaOXA-181_cas12a,1,CCCGCCAAATTGGTGAGGCA,20,-6.6,(((((((...))))).))..,1,weak_hairpin
blaOXA-181_cas12a,2,CGCAAGCTGTATCACAACAA,20,0.0,....................,0,linear_ok
blaOXA-181_cas12a,3,TGAGCGTAGTCAGCGCATCG,20,-5.3,.((((((.....)))).)).,0,weak_hairpin
blaOXA-181_cas12a,4,ACGATGCGCTGACTACGCTC,20,-2.1,.....(((.......)))..,0,linear_ok
blaIMP_cas12a,0,GAGTTCTATTCACCCATCAC,20,-0.2,((((...)))).........,0,linear_ok
blaIMP_cas12a,1,GACTCGATCGTTGGGAGTTA,20,-4.2,(((((.........))))).,1,weak_hairpin
blaIMP_cas12a,2,ACCATGTCTGATAGGTTTCC,20,-0.3,(((((.....)).)))....,0,linear_ok
blaIMP_cas12a,3,AGGCTCTTAGCTACTGCTGC,20,-3.2,.......((((....)))).,0,weak_hairpin
blaIMP_cas12a,4,GTCATACCCTCAGGACCACC,20,-0.3,(((..........)))....,0,linear_ok
blaKPC-3_cas12a,0,TTGCTGAAGGAGTTGGGCGG,20,-4.5,.((((.((....)).)))).,0,weak_hairpin
blaKPC-3_cas12a,1,TTGATTGGCTAAAGGGAAAC,20,0.0,....................,0,linear_ok
blaKPC-3_cas12a,2,CCTTTAGCCAATCAACAAAC,20,0.0,....................,0,linear_ok
blaKPC-3_cas12a,3,CGAGATGGGTGACCACGGAA,20,-2.4,.....(((....))).....,0,linear_ok
blaKPC-3_cas12a,4,CCGTAACGGATGGGTGTGTC,20,-2.2,((((.....)))).......,1,linear_ok
blaKPC-30_cas12a,0,TTGCTGAAGGAGTTGGGCGG,20,-4.5,.((((.((....)).)))).,0,weak_hairpin
blaKPC-30_cas12a,1,TTGATTGGCTAAAGGGAAAC,20,0.0,....................,0,linear_ok
blaKPC-30_cas12a,2,CCTTTAGCCAATCAACAAAC,20,0.0,....................,0,linear_ok
blaKPC-30_cas12a,3,CGAGATGGGTGACCACGGAA,20,-2.4,.....(((....))).....,0,linear_ok
blaKPC-30_cas12a,4,CCGTAACGGATGGGTGTGTC,20,-2.2,((((.....)))).......,1,linear_ok
guide_data,0,AAAAA,5,0.0,.....,0,linear_ok
guide_data,1,TTTTT,5,0.0,.....,0,linear_ok
guide_data,2,AAAAA,5,0.0,.....,0,linear_ok
blaIMP-6_cas12a,0,GTGGTTCTTGTAAATGCTGA,20,0.0,....................,0,linear_ok
blaIMP-6_cas12a,1,TTAAACCGTACGGTTTAGGC,20,-5.4,(((((((....)))))))..,15,weak_hairpin
blaIMP-6_cas12a,2,GGTGACGCAAATATAGAAGC,20,0.0,....................,0,linear_ok
blaIMP-6_cas12a,3,GCCAAGCTTCTATATTTGCG,20,-0.4,.....((..........)).,0,linear_ok
blaIMP-6_cas12a,4,CGTCACCCAAATTGCCTAAA,20,0.0,....................,0,linear_ok
blaKPC_cas12a,0,TTGCTGAAGGAGTTGGGCGG,20,-4.5,.((((.((....)).)))).,0,weak_hairpin
blaKPC_cas12a,1,TTGATTGGCTAAAGGGAAAC,20,0.0,....................,0,linear_ok
blaKPC_cas12a,2,CCTTTAGCCAATCAACAAAC,20,0.0,....................,0,linear_ok
blaKPC_cas12a,3,CCGTAACGGATGGGTGTGTC,20,-2.2,((((.....)))).......,1,linear_ok
blaKPC_cas12a,4,GCCAATCAACAAACTGCTGC,20,0.0,....................,0,linear_ok
blaKPC-4_cas12a,0,TTGCTGAAGGAGTTGGGCGG,20,-4.5,.((((.((....)).)))).,0,weak_hairpin
blaKPC-4_cas12a,1,TTGATTGGCTAAAGGGAAAC,20,0.0,....................,0,linear_ok
blaKPC-4_cas12a,2,CCTTTAGCCAATCAACAAAC,20,0.0,....................,0,linear_ok
blaKPC-4_cas12a,3,CCGTAACGGATGGGTGTGTC,20,-2.2,((((.....)))).......,1,linear_ok
blaKPC-4_cas12a,4,GCCAATCAACAAACTGCTGC,20,0.0,....................,0,linear_ok
blaNDM_cas12a,0,CAAGACATCCTCCGTCCAGT,20,-1.1,...(((.......)))....,0,linear_ok
blaNDM_cas12a,1,TAATTTCGGTTGAGGTTGCT,20,-2.7,(((((((....)))))))..,0,linear_ok
blaNDM_cas12a,2,AACAGTTCATTGGTCTTGGC,20,0.0,....................,0,linear_ok
blaNDM_cas12a,3,TATGGTGTCCATAAGGGTTT,20,-2.7,(((((...))))).......,3,linear_ok
blaNDM_cas12a,4,TTCTTATCCAGAAGATCCAG,20,-0.8,.((((......)))).....,2,linear_ok
qnrS_cas12a,0,GCGAGGGTTTCCGAGAAGGT,20,-1.2,.(..((....))..).....,0,linear_ok
qnrS_cas12a,1,AATCGACAGCTTCCAACCGG,20,0.0,....................,0,linear_ok
qnrS_cas12a,2,CGCGACACCGAGACCAATAG,20,0.0,....................,0,linear_ok
qnrS_cas12a,3,ATCCTGACGAGCCCAGCATG,20,-0.4,...(((.......)))....,0,linear_ok
qnrS_cas12a,4,AAGGTTCGACAGCACGTGCA,20,-1.3,...((.((......)).)).,1,linear_ok
blaNDM-7_cas12a,0,GTGGCTGCCTGATCAAGGAC,20,-2.5,.......(((.....)))..,0,linear_ok
blaNDM-7_cas12a,1,CATTTGCTGGCCAATCGTCG,20,-0.9,........(((.....))).,0,linear_ok
blaNDM-7_cas12a,2,GCCGCCAATGGCTGGGTCGA,20,-4.6,.(((((...))).)).....,1,weak_hairpin
blaNDM-7_cas12a,3,CGCCAGCTCGCACCGAATGT,20,-0.6,.((......)).........,0,linear_ok
blaNDM-7_cas12a,4,ACCGGGCATGCACCCGCTCA,20,-5.4,..((((......))))....,1,weak_hairpin
blaNDM-2_cas12a,0,GTGGCTGCCTGATCAAGGAC,20,-2.5,.......(((.....)))..,0,linear_ok
blaNDM-2_cas12a,1,CATTTGCTGGCCAATCGTCG,20,-0.9,........(((.....))).,0,linear_ok
blaNDM-2_cas12a,2,GCCGCCAATGGCTGGGTCGA,20,-4.6,.(((((...))).)).....,1,weak_hairpin
blaNDM-2_cas12a,3,CGCCAGCTCGCACCGAATGT,20,-0.6,.((......)).........,0,linear_ok
blaNDM-2_cas12a,4,ACCGGCCATGCACCCGCTCA,20,-1.6,..(((........)))....,0,linear_ok
blaCTX-M-9_cas12a,0,CAATGTGCAGTACCAGTAAA,20,0.0,....................,0,linear_ok
blaCTX-M-9_cas12a,1,TTCATGGCGGTATTGTCGCT,20,-3.5,.....(((((.....))))),0,weak_hairpin
blaCTX-M-9_cas12a,2,GGCAATCGGATTGTAGTTAA,20,-1.3,.(((((...)))))......,3,linear_ok
blaCTX-M-9_cas12a,3,CTGGTACTGCACATTGGAAA,20,0.0,....................,0,linear_ok
blaCTX-M-9_cas12a,4,GTCTGGATCGCACTGAACCT,20,-1.5,....((.((.....)).)).,0,linear_ok
qnrS1_cas12a,0,GACGTGCTAACTTGCGTGAT,20,-2.7,..(((((......)))))..,0,linear_ok
qnrS1_cas12a,1,CCGAACAAACTTTGCCCATC,20,0.0,....................,1,linear_ok
qnrS1_cas12a,2,CCCATCAAGTGAGTAATCGT,20,0.0,....................,0,linear_ok
qnrS1_cas12a,3,CTATGCCAATATGGAGAGGG,20,-1.0,((...(((...)))...)).,0,linear_ok
qnrS1_cas12a,4,AGTGATGCACCCGCTAGGTT,20,-1.7,((((.......)))).....,0,linear_ok
blaCTX-M-27_cas12a,0,CAATGTGCAGTACCAGTAAA,20,0.0,....................,0,linear_ok
blaCTX-M-27_cas12a,1,TTCATGGCGGTATTGTCGCT,20,-3.5,.....(((((.....))))),0,weak_hairpin
blaCTX-M-27_cas12a,2,GGCAATCGGATTGTAGTTAA,20,-1.3,.(((((...)))))......,3,linear_ok
blaCTX-M-27_cas12a,3,CTGGTACTGCACATTGGAAA,20,0.0,....................,0,linear_ok
blaCTX-M-27_cas12a,4,GTCTGGATCGCACTGAACCT,20,-1.5,....((.((.....)).)).,0,linear_ok
mecA2_cas12a,0,TGAATGGTATGAGCGACGAA,20,0.0,....................,0,linear_ok
mecA2_cas12a,1,ACCTTGTCCGTAACCTGAAT,20,0.0,....................,0,linear_ok
mecA2_cas12a,2,TATGCTTCGTCGCTCATACC,20,-0.6,...((......)).......,1,linear_ok
mecA2_cas12a,3,TGGGTGAATAGCAGTACCTG,20,-3.7,.(((((........))))).,0,weak_hairpin
mecA2_cas12a,4,TCTACTAATGTATGTGCGAC,20,-0.5,(((((........))).)).,0,linear_ok
armA_cas12a,0,AGCAAGGTATGCAAGATTTG,20,-1.6,.(((.....)))........,0,linear_ok
armA_cas12a,1,ACCGATTCCCAAATCTTGCA,20,-0.4,...((((....)))).....,1,linear_ok
armA_cas12a,2,GGTTGAACCTGGTGATGTAG,20,-0.8,(((...)))...........,1,linear_ok
armA_cas12a,3,GTTGTAATGCTGTACCAGAT,20,-0.1,.........(((...)))..,0,linear_ok
armA_cas12a,4,ATTCTGCTGTGCCAGATTTA,20,-2.2,..((((......))))....,1,linear_ok
blaOXA-232_cas12a,0,CTGAACATAAATCACAGGGC,20,0.0,....................,0,linear_ok
blaOXA-232_cas12a,1,CCCGCCAAATTGGTGAGGCA,20,-6.6,(((((((...))))).))..,1,weak_hairpin
blaOXA-232_cas12a,2,CGCAAGCTGTATCACAACAA,20,0.0,....................,0,linear_ok
blaOXA-232_cas12a,3,TGAGCGTAGTCAGCGCATCG,20,-5.3,.((((((.....)))).)).,0,weak_hairpin
blaOXA-232_cas12a,4,ACGATGCGCTGACTACGCTC,20,-2.1,.....(((.......)))..,0,linear_ok
blaCTX-M-15_cas12a,0,TCGTGCTGATGAGCGCTTTG,20,-6.7,..(((((....)))))....,0,weak_hairpin
blaCTX-M-15_cas12a,1,CGATGTGCAGCACCAGTAAA,20,0.0,....................,1,linear_ok
blaCTX-M-15_cas12a,2,ATCCATGTCACCAGCTGCGC,20,0.0,....................,0,linear_ok
blaCTX-M-15_cas12a,3,ACAGATTCGGTTCGCTTTCA,20,0.0,....................,0,linear_ok
blaCTX-M-15_cas12a,4,CTGGTGCTGCACATCGCAAA,20,-2.0,.(((((.....)))))....,1,linear_ok
blaGES-1_cas12a,0,TAGCATCGGGACACATGACG,20,0.0,....................,0,linear_ok
blaGES-1_cas12a,1,CTAAAGATTGGGTTGTTGGA,20,0.0,....................,0,linear_ok
blaGES-1_cas12a,2,AAGCCCAGGAGAGAGATTAC,20,0.0,....................,0,linear_ok
blaGES-1_cas12a,3,TCTCCAACAACCCAATCTTT,20,0.0,....................,0,linear_ok
blaGES-1_cas12a,4,GTTTCCGATCAGCCACCTCT,20,0.0,....................,0,linear_ok
blaVIM-1_cas12a,0,CCAGATTGCCGATGGTGTTT,20,-0.8,(((.........))).....,0,linear_ok
blaVIM-1_cas12a,1,GTCGCATATCGCAACGCAGT,20,-1.9,((.((.....)).)).....,0,linear_ok
blaVIM-1_cas12a,2,AATCCGCTCAACGGAGGTGG,20,-3.8,..((((.....)))).....,1,weak_hairpin
blaVIM-1_cas12a,3,AATCTCCGCGAGAAGTGCCG,20,-1.8,..((((...)))).......,1,linear_ok
blaVIM-1_cas12a,4,ACAACGTTCGCTGTGTGCTG,20,-1.2,.........((.....))..,0,linear_ok
blaGES_cas12a,0,CTATGTGCAGCACCAGCAAG,20,-1.3,.....(((.......)))..,1,linear_ok
blaGES_cas12a,1,GCTAAGCGGATGGAAATCAA,20,-0.8,........(((....)))..,0,linear_ok
blaGES_cas12a,2,CGCGTACCATCGGCGATAAA,20,-2.9,(((.........))).....,1,linear_ok
blaGES_cas12a,3,GGCGATCGGGTTGTAGTTGA,20,-1.3,.(((((...)))))......,0,linear_ok
blaGES_cas12a,4,TCGCCGATGGTACGCGCAAA,20,-2.5,..((((......)).))...,0,linear_ok
blaVIM_cas12a,0,TAGCATCGGGACACATGACG,20,0.0,....................,0,linear_ok
blaVIM_cas12a,1,CTAAAGATTGGGTTGTTGGA,20,0.0,....................,0,linear_ok
blaVIM_cas12a,2,AAGCCCAGGAGAGAGATTAC,20,0.0,....................,0,linear_ok
blaVIM_cas12a,3,TCTCCAACAACCCAATCTTT,20,0.0,....................,0,linear_ok
blaVIM_cas12a,4,GTTTCCGATCAGCCACCTCT,20,0.0,....................,0,linear_ok
blaKPC-5_cas12a,0,TTGCTGAAGGAGTTGGGCGG,20,-4.5,.((((.((....)).)))).,0,weak_hairpin
blaKPC-5_cas12a,1,TTGATTGGCTAAAGGGAAAC,20,0.0,....................,0,linear_ok
blaKPC-5_cas12a,2,CCTTTAGCCAATCAACAAAC,20,0.0,....................,0,linear_ok
blaKPC-5_cas12a,3,CCGTAACGGATGGGTGTGTC,20,-2.2,((((.....)))).......,1,linear_ok
blaKPC-5_cas12a,4,GCCAATCAACAAACTGCTGC,20,0.0,....................,0,linear_ok
qnrS2_cas12a,0,GTAACGCCAATTGCTACGGT,20,-0.7,.....(((.........))),0,linear_ok
qnrS2_cas12a,1,CCGAGCAAACTTTGCCAATC,20,-1.5,....((((...)))).....,3,linear_ok
qnrS2_cas12a,2,CCAATCAAGTGAGTAATCGT,20,0.0,....................,0,linear_ok
qnrS2_cas12a,3,CTCAGCCTTTATTACTGGAT,20,-0.9,.((((.........))))..,0,linear_ok
qnrS2_cas12a,4,TTACTGGATGTAACCTGTCT,20,-0.8,((((.....)))).......,1,linear_ok
blaCTX-M-2_cas12a,0,CGATGTGCAGTACCAGTAAG,20,0.0,....................,0,linear_ok
blaCTX-M-2_cas12a,1,TCGCCCACTACCCATGATTT,20,0.0,....................,0,linear_ok
blaCTX-M-2_cas12a,2,TCCGCAATGGGATTGTAGTT,20,-2.8,(((......)))........,1,linear_ok
blaCTX-M-2_cas12a,3,GCAGGTGCTTATCGCTCTCG,20,-1.5,...((.((.....)).))..,0,linear_ok
blaCTX-M-2_cas12a,4,CTCGCTCGTTGGGTGATGAG,20,-4.8,.((((((...))))))....,0,weak_hairpin
blaVIM-2_cas12a,0,CCAGATTGCCGATGGTGTTT,20,-0.8,(((.........))).....,0,linear_ok
blaVIM-2_cas12a,1,GTCGCATATCGCAACGCAGT,20,-1.9,((.((.....)).)).....,0,linear_ok
blaVIM-2_cas12a,2,CGTAGATTCTAGCGGTGAGT,20,-1.2,(((........)))......,1,linear_ok
blaVIM-2_cas12a,3,CAACATTCGTTGTGTGCTTG,20,-1.7,((((....))))........,1,linear_ok
blaVIM-2_cas12a,4,TGAGTTGTCACGCACGTCTG,20,-1.5,.((..(((...)))..))..,0,linear_ok
blaVIM-4_cas12a,0,CCAGATTGCCGATGGTGTTT,20,-0.8,(((.........))).....,0,linear_ok
blaVIM-4_cas12a,1,GTCGCATATCGCAACGCAGT,20,-1.9,((.((.....)).)).....,0,linear_ok
blaVIM-4_cas12a,2,AATCTCCGCGAGAAGTGCCG,20,-1.8,..((((...)))).......,1,linear_ok
blaVIM-4_cas12a,3,AATCCGCTCAACGGAGGTGG,20,-3.8,..((((.....)))).....,1,weak_hairpin
blaVIM-4_cas12a,4,GTTGACTGTCGGATACTCAC,20,0.0,....................,0,linear_ok
blaKPC-2_cas12a,0,TTGCTGAAGGAGTTGGGCGG,20,-4.5,.((((.((....)).)))).,0,weak_hairpin
blaKPC-2_cas12a,1,TTGATTGGCTAAAGGGAAAC,20,0.0,....................,0,linear_ok
blaKPC-2_cas12a,2,CCTTTAGCCAATCAACAAAC,20,0.0,....................,0,linear_ok
blaKPC-2_cas12a,3,CGAGATGGGTGACCACGGAA,20,-2.4,.....(((....))).....,0,linear_ok
blaKPC-2_cas12a,4,CCGTAACGGATGGGTGTGTC,20,-2.2,((((.....)))).......,1,linear_ok
mecA1_cas12a,0,AGTCGAACCAGGTGATGTCG,20,0.0,....................,0,linear_ok
mecA1_cas12a,1,TGGATGAATAGCTGTACCTG,20,0.0,....................,0,linear_ok
mecA1_cas12a,2,GACTCTAGAATCGATGGTTA,20,0.0,....................,0,linear_ok
mecA1_cas12a,3,AACAGTCTTGAGAGGGACGA,20,-3.9,....(((((....)))))..,0,weak_hairpin
mecA1_cas12a,4,TGCATGCCTGGAATGATGAC,20,0.0,....................,0,linear_ok
blaNDM-1_cas12a,0,GTGGCTGCCTGATCAAGGAC,20,-2.5,.......(((.....)))..,0,linear_ok
blaNDM-1_cas12a,1,CATTTGCTGGCCAATCGTCG,20,-0.9,........(((.....))).,0,linear_ok
blaNDM-1_cas12a,2,CGCCAGCTCGCACCGAATGT,20,-0.6,.((......)).........,0,linear_ok
blaNDM-1_cas12a,3,GCCGCCAATGGCTGGGTCGA,20,-4.6,.(((((...))).)).....,1,weak_hairpin
blaNDM-1_cas12a,4,TGCGAAGCTGGGCTTTGCGA,20,-8.8,((((((((...)))))))).,1,moderate_hairpin
blaCTX-M-14_cas12a,0,CAATGTGCAGTACCAGTAAA,20,0.0,....................,0,linear_ok
blaCTX-M-14_cas12a,1,TTCATGGCGGTATTGTCGCT,20,-3.5,.....(((((.....))))),0,weak_hairpin
blaCTX-M-14_cas12a,2,GGCAATCGGATTGTAGTTAA,20,-1.3,.(((((...)))))......,3,linear_ok
blaCTX-M-14_cas12a,3,CTGGTACTGCACATTGGAAA,20,0.0,....................,0,linear_ok
blaCTX-M-14_cas12a,4,GTCTGGATCGCACTGAACCT,20,-1.5,....((.((.....)).)).,0,linear_ok
blaGES-5_cas12a,0,TAGCATCGGGACACATGACG,20,0.0,....................,0,linear_ok
blaGES-5_cas12a,1,CTAAAGATTGGGTTGTTGGA,20,0.0,....................,0,linear_ok
blaGES-5_cas12a,2,TCTCCAACAACCCAATCTTT,20,0.0,....................,0,linear_ok
blaGES-5_cas12a,3,GTTTCCGATCAGCCACCTCT,20,0.0,....................,0,linear_ok
blaGES-5_cas12a,4,CGATCAGCCACCTCTCAATG,20,0.0,....................,0,linear_ok
blaKPC-11_cas12a,0,TTGCTGAAGGAGTTGGGCGG,20,-4.5,.((((.((....)).)))).,0,weak_hairpin
blaKPC-11_cas12a,1,TTGATTGGCTAAAGGGAAAC,20,0.0,....................,0,linear_ok
blaKPC-11_cas12a,2,CCTTTAGCCAATCAACAAAC,20,0.0,....................,0,linear_ok
blaKPC-11_cas12a,3,CGAGATGGGTGACCACAGAA,20,-2.4,.....(((....))).....,0,linear_ok
blaKPC-11_cas12a,4,CCGTAACGGATGGGTGTGTC,20,-2.2,((((.....)))).......,1,linear_ok
mcr-5_cas12a,0,TCTCGACAAGGCCATGCTGC,20,-0.1,.........(((...)))..,0,linear_ok
mcr-5_cas12a,1,ATCACTCCTGCAAACTACGT,20,0.0,....................,0,linear_ok
mcr-5_cas12a,2,ACTGAACAGGCGTCATCGTC,20,-2.6,........((((....)))),0,linear_ok
mcr-5_cas12a,3,CGATGTCACCAGTTGCGGGA,20,-1.0,........((......))..,0,linear_ok
mcr-5_cas12a,4,AACCGTAGTGACGTCAACAT,20,-0.5,...(((....))).......,1,linear_ok
blaOXA-48_cas12a,0,ATCGGCCTTGAGCACCATAA,20,-0.1,....((.....)).......,0,linear_ok
blaOXA-48_cas12a,1,TCAAGATTTAGCTCGTCGTA,20,0.0,....................,0,linear_ok
blaOXA-48_cas12a,2,GCTCGTCGTATTGGACTTGA,20,-3.0,....(((......)))....,0,linear_ok
blaOXA-48_cas12a,3,CCATTCTGGGAATAACCTTT,20,-1.6,.......((......))...,1,linear_ok
blaOXA-48_cas12a,4,TTGAGTTTGGCCTTGTTGGA,20,-1.0,..........((.....)).,0,linear_ok
blaNDM-5_cas12a,0,GTGGCTGCCTGATCAAGGAC,20,-2.5,.......(((.....)))..,0,linear_ok
blaNDM-5_cas12a,1,CATTTGCTGGCCAATCGTCG,20,-0.9,........(((.....))).,0,linear_ok
blaNDM-5_cas12a,2,CGCCAGCTCGCACCGAATGT,20,-0.6,.((......)).........,0,linear_ok
blaNDM-5_cas12a,3,GCCGCCAATGGCTGGGTCGA,20,-4.6,.(((((...))).)).....,1,weak_hairpin
blaNDM-5_cas12a,4,ACCGGGCATGCACCCGCTCA,20,-5.4,..((((......))))....,1,weak_hairpin
mecA_cas12a,0,GACCGAAACAATGTGGAATT,20,-0.6,..(((........)))....,0,linear_ok
mecA_cas12a,1,TGTATGGCATGAGTAACGAA,20,0.0,....................,0,linear_ok
mecA_cas12a,2,ACCTTGTCCGTAACCTGAAT,20,0.0,....................,0,linear_ok
mecA_cas12a,3,TTACTGCCTAATTCGAGTGC,20,-0.5,.((((..........)))).,0,linear_ok
mecA_cas12a,4,AGGGTGGATAGCAGTACCTG,20,-4.2,.(((((........))))).,0,weak_hairpin
blaKPC-31_cas12a,0,TTGCTGAAGGAGTTGGGCGG,20,-4.5,.((((.((....)).)))).,0,weak_hairpin
blaKPC-31_cas12a,1,TTGATTGGCTAAAGGGAAAC,20,0.0,....................,0,linear_ok
blaKPC-31_cas12a,2,CCTTTAGCCAATCAACAAAC,20,0.0,....................,0,linear_ok
blaKPC-31_cas12a,3,CGAGATGGGTGACCACGGAA,20,-2.4,.....(((....))).....,0,linear_ok
blaKPC-31_cas12a,4,CCGTAACGGATGGGTGTGTC,20,-2.2,((((.....)))).......,1,linear_ok
blaIMP-1_cas12a,0,GTGGTTCTTGTAAATGCTGA,20,0.0,....................,0,linear_ok
blaIMP-1_cas12a,1,TTAAACCGTACGGTTTAGGC,20,-5.4,(((((((....)))))))..,15,weak_hairpin
blaIMP-1_cas12a,2,GGTGACGCAAATATAGAAGC,20,0.0,....................,0,linear_ok
blaIMP-1_cas12a,3,ATAATTTGGCGGACTTTGGC,20,-0.3,........((........)),0,linear_ok
blaIMP-1_cas12a,4,GCCAAGCTTCTATATTTGCG,20,-0.4,.....((..........)).,0,linear_ok
vanA_cas12a,0,TCAACAAGATCGACCAGGCT,20,0.0,....................,0,linear_ok
vanA_cas12a,1,AAGGTGGAGTATACAGATTG,20,0.0,....................,0,linear_ok
vanA_cas12a,2,TATGGAGCGGCCGCTCAAAG,20,-5.2,....((((....))))....,6,weak_hairpin
vanA_cas12a,3,CGACAGCAAAGCGGAAACAA,20,0.0,....................,0,linear_ok
vanA_cas12a,4,GATGGAATACGCATCTCTGT,20,-3.0,((((.......)))).....,1,linear_ok
mcr-1_cas12a,0,TCATGCGTATCATTGGTTTG,20,0.0,....................,0,linear_ok
mcr-1_cas12a,1,ATGCGCCGATTGGGCTTGAT,20,-4.8,....(((.....))).....,0,weak_hairpin
mcr-1_cas12a,2,TCACGCCAAAGACGCGGTAC,20,-2.5,...(((.......)))....,0,linear_ok
mcr-1_cas12a,3,CCGATTATAAATCCGCGACC,20,0.0,....................,1,linear_ok
mcr-1_cas12a,4,ATCGCTCAAAGTATCCAGTG,20,0.0,....................,0,linear_ok
